{
    "name":"50mm",
    "mm_focal_length":50.0,
    "stw_poly":[0.00008283213378490473,1.0010373675395385,-0.27346884785220027,3.037436155602336,-13.196169488132,26.7261453717947,-19.588972344994545],
    "wts_poly":[-0.00007074450991240155,0.9983717333234381,0.2834468421060592,-3.112550737336278,13.483235448598862,-27.340132132172585,20.28454799950123]
}
