{
    "position":[-254.8,-286.0,189.3],
    "direction":[-0.21375533641646136,-0.5485202838694019,0.7515962897406921,-0.2975519645126575]
}
