{
  "stw_poly": [
    1.000002455287131,
    0.24999752770963823,
    0.06248133635381237,
    0.011589708039537072,
    0.00011813314631581306,
    -0.00009418418630957603,
    -0.0008547999896109104
  ],
  "wts_poly": [
    0.9999846472296383,
    -0.24938816117719398,
    0.12021242613263894,
    -0.05894484398595523,
    0.022497822108562104,
    -0.005273565991956275,
    0.0005416791495918005
  ]
}
