{
  "stw_poly": [
    1.0000033089982026,
    0.33332523237913847,
    0.13340910151600838,
    0.053256869316101074,
    0.025336742401123047,
    -0.0004899501800537109,
    0.017971515655517578,
    -0.010636568069458008,
    0.005235612392425537
  ],
  "wts_poly": [
    0.9999945081426631,
    -0.33315453279647045,
    0.197819119784981,
    -0.13177823554724455,
    0.08084718603640795,
    -0.03879949636757374,
    0.012711051385849714,
    -0.002450463129207492,
    0.00020686324569396675
  ]
}

