{
"wts_poly":[        0.0,
        0.9998419532785192,
        0.0013162735849618912,
        -0.33344507962465286,
        -0.03441770374774933,
        0.3506765365600586,
        -0.28652286529541016,
        0.1022481769323349,
        -0.014303863048553467
    ],
"stw_poly":    [
        0.0,
        0.9982260325923562,
        0.03605024516582489,
        0.02770853042602539,
        1.3280048370361328,
        -3.0907912254333496,
        4.449044227600098,
        -3.244915008544922,
        1.0540469884872437
    ]
}
