{
  "stw_poly": [
    1.0007894445116108,
    0.32264182437211275,
    7.223541587591171,
    -100.59029412269592,
    729.6587390899658,
    -2855.4287719726562,
    6187.3221435546875,
    -6975.573104858398,
    3200.957588195801
  ],
  "wts_poly": [
    0.9998927521296537,
    -0.4939921221230179,
    0.3082115144934505,
    -0.0569944754242897,
    -0.28119038604199886,
    0.42734219692647457,
    -0.2843244094401598,
    0.09226620756089687,
    -0.011822816508356482
  ]
}

