{
"wts_poly": [
        0.0,
        0.9963953544211108,
        0.03322175214998424,
        -0.3751326131168753,
        0.22490806435234845,
        -0.05375197483226657,
        0.0039019385731080547
    ],
"stw_poly":        [
        0.0,
        1.001861843658844,
        -0.01971894665621221,
        0.33221330866217613,
        -0.15700633265078068,
        0.19460456538945436,
        -0.028680953895673156,
        0.9998419532785192,
        0.0013162735849618912,
        -0.33344507962465286,
        -0.03441770374774933,
        0.3506765365600586,
        -0.28652286529541016,
        0.1022481769323349,
        -0.014303863048553467
    ]
}
