{
  "stw_poly": [
    2.000002062229214,
    1.0000532334670424,
    0.7467437237501144,
    0.7625036239624023,
    -0.005969047546386719,
    4.911563873291016,
    -10.3914794921875,
    15.37017822265625
  ],
  "wts_poly": [
    0.5049140500935323,
    -0.15013246427406557,
    0.4607994542166125,
    -1.012061555229593,
    1.1602022318402305,
    -0.710938019619789,
    0.2212297572987154,
    -0.027465712159028044
  ]
}

